Annual Distance (miles/vehicle),2020.0
LDVs,12625.620789439
HDVs,39260.20780611
aircraft,1594704.867362308
rail,21718.768339571
ships,104933.831318334
motorbikes,0.0
