Annual Distance (miles/vehicle),2020.0
LDVs,13990.13743901
HDVs,19580.754488486
aircraft,1640737.769845109
rail,0.0
ships,255.886913064
motorbikes,2757.585573443
