Annual Distance (miles/vehicle),2020.0
LDVs,14099.552545314
HDVs,10877.21376482
aircraft,1337561.800901066
rail,0.0
ships,240.933074411
motorbikes,2396.911513473
