Annual Distance (miles/vehicle),2020.0
LDVs,12301.247948677
HDVs,39965.855476991
aircraft,1044452.442722611
rail,21322.749237556
ships,100433.453205164
motorbikes,0.0
