Annual Distance (miles/vehicle),2020.0
LDVs,12677.407000511
HDVs,38825.486774383
aircraft,349879.534114252
rail,21478.002954577
ships,104548.767867299
motorbikes,0.0
