Annual Distance (miles/vehicle),2020.0
LDVs,14046.900398437
HDVs,19363.985151199
aircraft,359979.1247086
rail,0.0
ships,256.697313234
motorbikes,2769.419982473
