Unit: USD,ISIC 01T03,ISIC 05,ISIC 06,ISIC 07T08,ISIC 09,ISIC 10T12,ISIC 13T15,ISIC 16,ISIC 17T18,ISIC 19,ISIC 20,ISIC 21,ISIC 22,ISIC 231,ISIC 239,ISIC 241,ISIC 242,ISIC 25,ISIC 26,ISIC 27,ISIC 28,ISIC 29,ISIC 30,ISIC 31T33,ISIC 351,ISIC 352T353,ISIC 36T39,ISIC 41T43,ISIC 45T47,ISIC 49T53,ISIC 55T56,ISIC 58T60,ISIC 61,ISIC 62T63,ISIC 64T66,ISIC 68,ISIC 69T82,ISIC 84,ISIC 85,ISIC 86T88,ISIC 90T96,ISIC 97T98
Output,0.92,0.986,0.10506,0.886,0.16711,0.917,0.452,0.865,0.92,0.91,0.872,0.14658,0.833,0.772,0.844,0.773,0.731,0.859,0.23166,0.61,0.53179,0.735,0.806,0.727,0.986,1.0,0.9799372309334335,0.97902,0.933,0.883,0.8379543114949292,0.4250533731773941,0.7424999999999999,0.23939350767844,0.7304999999999999,0.71568,0.7669518368636792,0.999,0.986,0.998,0.636476508659153,0.0
