Unit: dimensionless (ratio of electricity demand in this hour to annual demand),Hour0,Hour1,Hour2,Hour3,Hour4,Hour5,Hour6,Hour7,Hour8,Hour9,Hour10,Hour11,Hour12,Hour13,Hour14,Hour15,Hour16,Hour17,Hour18,Hour19,Hour20,Hour21,Hour22,Hour23
Winter,0,0,0,0,0.0,0.0,0.08330015923566882,0.35182789278131654,0.4679637738853502,0.4974146319886768,0.4998053786270347,0.5031106245576787,0.5132818029016276,0.5152512384996458,0.4693316525123849,0.25512539808917184,0.022604830148619953,0.0,0,0,0,0,0,0
Spring,0,0,0,0,0.0007226183882581001,0.16706331348656875,0.465907124065356,0.6506911751130803,0.7306450775408473,0.7485071656050954,0.7528630688636572,0.748319659835687,0.7441411658820268,0.7263281177882398,0.6885255123234558,0.6129592448998428,0.3509386827286994,0.04169118665189697,0,0,0,0,0,0
Summer,0,0,0,0,0.0035510708021785275,0.22846568355949418,0.49288487722699187,0.6182483499492291,0.6907395227545463,0.718057671005262,0.712148354564756,0.7070842564386597,0.696692109757223,0.667855164774301,0.6108894696759899,0.5285744369057509,0.3846868365180467,0.11214720068309794,0,0,0,0,0,0
Fall,0,0,0,0,0.0,0.04959799519682572,0.39548527722668886,0.610057516271623,0.6678326546239254,0.6838367094775676,0.6737952908008772,0.6675020013226132,0.6707345724130729,0.6707693780237375,0.6296465490237025,0.4484050328913019,0.11334882183007902,0.0,0,0,0,0,0,0
Summer Peak,0,0,0,0,0.0,0.15804140127388533,0.4264861995753715,0.49601910828025475,0.6649416135881104,0.6867038216560509,0.7360668789808917,0.7338110403397028,0.6592356687898089,0.6415870488322717,0.6171709129511678,0.47492038216560506,0.37208067940552014,0.07523885350318471,0,0,0,0,0,0
Winter Peak,0,0,0,0,0.0,0.0,0.0027866242038216563,0.4177282377919321,0.49867303609341823,0.5352972399150743,0.5845276008492569,0.5131369426751592,0.6455679405520169,0.6110668789808917,0.521364118895966,0.29392250530785563,0.0,0.0,0,0,0,0,0,0
