solar pv,Hour0,Hour1,Hour2,Hour3,Hour4,Hour5,Hour6,Hour7,Hour8,Hour9,Hour10,Hour11,Hour12,Hour13,Hour14,Hour15,Hour16,Hour17,Hour18,Hour19,Hour20,Hour21,Hour22,Hour23
Winter,0,0,0,0,0.0,0.0,0.0856457121757593,0.34642873626880855,0.4597214529677835,0.4892342841318197,0.49297978399335357,0.4975583864118895,0.5061917289762761,0.5073686882673312,0.46151573894581366,0.2510119542139757,0.02291724360749561,0.0,0,0,0,0,0,0
Spring,0,0,0,0,0.0007226183882581001,0.16706331348656875,0.465907124065356,0.6506911751130803,0.7306450775408473,0.7485071656050954,0.7528630688636572,0.748319659835687,0.7441411658820268,0.7263281177882398,0.6885255123234558,0.6129592448998428,0.3509386827286994,0.04169118665189697,0,0,0,0,0,0
Summer,0,0,0,0,0.003686519266905824,0.22524831002757648,0.48802071893989324,0.614080764819289,0.6859793298679746,0.7126284257022234,0.7052477609390635,0.6999749859677382,0.6897741415916242,0.6608768333455355,0.6022479073626668,0.5218628742953364,0.3788741245088707,0.1098299045806184,0,0,0,0,0,0
Fall,0,0,0,0,0.0,0.04959799519682572,0.39548527722668886,0.610057516271623,0.6678326546239254,0.6838367094775676,0.6737952908008772,0.6675020013226132,0.6707345724130729,0.6707693780237375,0.6296465490237025,0.4484050328913019,0.11334882183007902,0.0,0,0,0,0,0,0
Summer Peak,0,0,0,0,0.0,0.15804140127388533,0.4264861995753715,0.49601910828025475,0.6649416135881104,0.6867038216560509,0.7360668789808917,0.7338110403397028,0.6592356687898089,0.6415870488322717,0.6171709129511678,0.47492038216560506,0.37208067940552014,0.07523885350318471,0,0,0,0,0,0
Winter Peak,0,0,0,0,0.0,0.0,0.0027866242038216563,0.4177282377919321,0.49867303609341823,0.5352972399150743,0.5845276008492569,0.5131369426751592,0.6455679405520169,0.6110668789808917,0.521364118895966,0.29392250530785563,0.0,0.0,0,0,0,0,0,0
