solar pv,Hour0,Hour1,Hour2,Hour3,Hour4,Hour5,Hour6,Hour7,Hour8,Hour9,Hour10,Hour11,Hour12,Hour13,Hour14,Hour15,Hour16,Hour17,Hour18,Hour19,Hour20,Hour21,Hour22,Hour23
Winter,0,0,0,0,0.0,0.0,0.0856457121757593,0.34642873626880855,0.4597214529677835,0.4892342841318197,0.49297978399335357,0.4975583864118895,0.5061917289762761,0.5073686882673312,0.46151573894581366,0.2510119542139757,0.02291724360749561,0.0,0,0,0,0,0,0
Spring,0,0,0,0,0.0007226183882581001,0.16706331348656875,0.465907124065356,0.6506911751130803,0.7306450775408473,0.7485071656050954,0.7528630688636572,0.748319659835687,0.7441411658820268,0.7263281177882398,0.6885255123234558,0.6129592448998428,0.3509386827286994,0.04169118665189697,0,0,0,0,0,0
Summer,0,0,0,0,0.003686519266905824,0.22524831002757648,0.48802071893989324,0.614080764819289,0.6859793298679746,0.7126284257022234,0.7052477609390635,0.6999749859677382,0.6897741415916242,0.6608768333455355,0.6022479073626668,0.5218628742953364,0.3788741245088707,0.1098299045806184,0,0,0,0,0,0
Fall,0,0,0,0,0.0,0.04959799519682572,0.39548527722668886,0.610057516271623,0.6678326546239254,0.6838367094775676,0.6737952908008772,0.6675020013226132,0.6707345724130729,0.6707693780237375,0.6296465490237025,0.4484050328913019,0.11334882183007902,0.0,0,0,0,0,0,0
Summer Peak,0,0,0,0,0.0011942675159235668,0.28444798301486196,0.5775212314225052,0.6907643312101911,0.7735668789808917,0.8125265392781317,0.8322186836518047,0.8307855626326964,0.8170647558386411,0.7892781316348194,0.7612526539278133,0.6453556263269639,0.485828025477707,0.15246815286624205,0,0,0,0,0,0
Winter Peak,0,0,0,0,0.0,0.0,0.029352441613588107,0.47600849256900213,0.6575371549893844,0.6855626326963906,0.6567940552016985,0.630812101910828,0.6763535031847133,0.6965498938428873,0.6490976645435245,0.34973460721868366,0.01541932059447983,0.0,0,0,0,0,0,0
