solar pv dist,Hour0,Hour1,Hour2,Hour3,Hour4,Hour5,Hour6,Hour7,Hour8,Hour9,Hour10,Hour11,Hour12,Hour13,Hour14,Hour15,Hour16,Hour17,Hour18,Hour19,Hour20,Hour21,Hour22,Hour23
Winter,0,0,0,0,0.0,0.0,0.09599560409368779,0.26933168486846615,0.3331272752249468,0.34991414245483904,0.3452572292053028,0.348485472903359,0.35321107218902376,0.4614053162991965,0.3881722645786111,0.1865375369187445,0.01561920461570163,0.0,0,0,0,0,0,0
Spring,0,0,0,0,0.0021292671199945054,0.017377567140600327,0.2998317192114844,0.3981729514389726,0.44858850195755196,0.4641115461226734,0.47245689951232916,0.47506696888522554,0.47085994917233315,0.5460711587334297,0.49541520708839887,0.39307301325640503,0.20659042516656365,0.07931520021979531,0,0,0,0,0,0
Summer,0,0,0,0,0.003468250077173107,0.022570863067676274,0.33251620635180035,0.39430916453305753,0.433985219080823,0.4460060648980407,0.4428828239908481,0.45463129414755504,0.4368179259501375,0.46347442392547794,0.4128851845799061,0.34795082711408903,0.22665286629986753,0.10126927057798119,0,0,0,0,0,0
Fall,0,0,0,0,0.0,0.0,0.2772641338409343,0.38362727578794703,0.41851190013725953,0.4226814803304587,0.41082019009142007,0.41506746432548625,0.42281097039857046,0.5115116670551367,0.46365213788102455,0.30121979644161284,0.07109004739336493,0.009737653122005542,0,0,0,0,0,0
Summer Peak,0,0,0,0,0.005371248025276462,0.02780410742496051,0.3781990521327014,0.41927330173775673,0.4581358609794629,0.4657187993680885,0.49289099526066354,0.5118483412322274,0.5001579778830965,0.5810426540284359,0.5191153238546604,0.4458135860979463,0.2947867298578199,0.144391785150079,0,0,0,0,0,0
Winter Peak,0,0,0,0,0.0,0.0,0.06540284360189573,0.2957345971563981,0.43254344391785154,0.4584518167456556,0.46161137440758293,0.4628751974723539,0.4672985781990522,0.5696682464454976,0.49415481832543445,0.2230647709320695,0.006635071090047394,0.0,0,0,0,0,0,0
