solar pv,Hour0,Hour1,Hour2,Hour3,Hour4,Hour5,Hour6,Hour7,Hour8,Hour9,Hour10,Hour11,Hour12,Hour13,Hour14,Hour15,Hour16,Hour17,Hour18,Hour19,Hour20,Hour21,Hour22,Hour23
Winter,0,0,0,0,0.0,0.0,0.04509602659014944,0.18240912598531445,0.2420624493676061,0.2576021814232251,0.2595743427499067,0.2619851671936137,0.2665309808246158,0.26715069880157677,0.2430072154991496,0.13216822505310047,0.012066881118060969,0.0,0,0,0,0,0,0
Spring,0,0,0,0,0.00038048861085472445,0.08796577710473086,0.24531946225485488,0.342615944096035,0.38471499632260175,0.39412012797295093,0.3964136920543506,0.3940213983932879,0.39182124768341536,0.3824419376154399,0.36253729489709335,0.3227485148346385,0.18478380021369867,0.02195214230889383,0,0,0,0,0,0
Summer,0,0,0,0,0.0019411055925872378,0.11860259574401465,0.256963188918245,0.32333904167858535,0.36119662402404235,0.3752284804219259,0.3713422537100808,0.36856591857000054,0.3631947500953525,0.3479791164349648,0.31710855049642067,0.2747824900718757,0.19949297120804926,0.05783000889988493,0,0,0,0,0,0
Fall,0,0,0,0,0.0,0.026115405586494878,0.20823943341410212,0.3212206341264128,0.3516416453971022,0.3600684453488496,0.35478122113011024,0.3514675426931922,0.3531696257064172,0.35318795230682887,0.3315350739205525,0.2361038839273767,0.059682865065346605,0.0,0,0,0,0,0,0
Summer Peak,0,0,0,0,0.0,0.08321536540633506,0.22456270731818714,0.26117467329041183,0.3501193921504157,0.3615780990577532,0.3875698000914699,0.3863820073022947,0.34711497509544303,0.3378222432742486,0.3249661330855285,0.25006531720342,0.19591594004984345,0.039616383027197305,0,0,0,0,0,0
Winter Peak,0,0,0,0,0.0,0.0,0.0014672734454517521,0.21995127648962454,0.2625720765717945,0.2818562418548746,0.3077780727245223,0.27018792445532974,0.33991834819632255,0.3217521055383485,0.2745198746276159,0.15476241341312527,0.0,0.0,0,0,0,0,0,0
