Unit: dimensionless (ratio of electricity demand in this hour to annual demand),Hour0,Hour1,Hour2,Hour3,Hour4,Hour5,Hour6,Hour7,Hour8,Hour9,Hour10,Hour11,Hour12,Hour13,Hour14,Hour15,Hour16,Hour17,Hour18,Hour19,Hour20,Hour21,Hour22,Hour23
Winter,0.020807111627818828,0.020807111627818828,0.020807111627818828,0.020807111627818828,0.03704542852022945,0.12099526367393763,0.11244468652980678,0.02849485137609859,0.02849485137609859,0.02849485137609859,0.02849485137609859,0.02849485137609859,0.02849485137609859,0.02849485137609859,0.02849485137609859,0.02849485137609859,0.12227537489237247,0.21660754854697742,0.1785366165644659,0.05785254014804827,0.02935768877194968,0.020807111627818828,0.020807111627818828,0.020807111627818828
Spring,0.0,0.0,0.0,0.0,0.0,0.0,0.0,0.0,0.0,0.0,0.0,0.0,0.0,0.0,0.0,0.0,0.010027486628190998,0.04330176838337491,0.03400305033257774,0.0,0.0,0.0,0.0,0.0
Summer,0.0,0.0,0.0,0.0,0.0,0.0,0.0,0.0,0.0,0.0,0.008966620977554416,0.28026225506078256,0.5370101923522379,0.8364141537179851,0.95,0.95,0.95,0.95,0.95,0.8658047446999689,0.07545983497571514,0.0,0.0,0.0
Fall,0.0,0.0,0.0,0.0,0.0,0.0,0.0,0.0,0.0,0.0,0.0,0.0,0.0,0.0,0.01622254883465252,0.188381913568778,0.19539406160708409,0.19539406160708409,0.17325849111314567,0.015123422455632323,0.0,0.0,0.0,0.0
Summer Peak,0.0,0.0,0.0,0.0,0.0,0.0,0.0,0.0,0.0,0.0,0.0,0.0,0.0,0.95,0.95,0.95,0.95,0.95,0.95,0.95,0.0,0.0,0.0,0.0
Winter Peak,0.0,0.0,0.0,0.0,0.0,0.0,0.0,0.0,0.0,0.0,0.0,0.0,0.0,0.0,0.0,0.0,0.0,0.0,0.0,0.0,0.0,0.0,0.0,0.0
