solar pv,Hour0,Hour1,Hour2,Hour3,Hour4,Hour5,Hour6,Hour7,Hour8,Hour9,Hour10,Hour11,Hour12,Hour13,Hour14,Hour15,Hour16,Hour17,Hour18,Hour19,Hour20,Hour21,Hour22,Hour23
Winter,0,0,0,0,0.0,0.0,0.07548408629895484,0.30532592888350024,0.4051767794059263,0.4311879951214414,0.4344891018271752,0.4385244657853862,0.4461334862327991,0.4471708025728634,0.40675817833612243,0.22123008300840327,0.020198176303938633,0.0,0,0,0,0,0,0
Spring,0,0,0,0,0.0006368817234953713,0.1472417153439089,0.4106285378078871,0.5734884744189898,0.6439560683880894,0.6596988693137714,0.6635379567488132,0.6595336105831238,0.6558508833316944,0.6401513039201822,0.6068338726006405,0.5402333329286924,0.30930078272187395,0.036744643148969476,0,0,0,0,0,0
Summer,0,0,0,0,0.00324912399484536,0.19852322364864006,0.43011841606897466,0.5412217876246115,0.6045897876217216,0.628077042250575,0.6215720728624671,0.6169248979968568,0.6079343554740901,0.5824656325918646,0.5307928658405773,0.45994529368487397,0.33392176192287015,0.09679889144428003,0,0,0,0,0,0
Fall,0,0,0,0,0.0,0.04371333082045387,0.34856204750662173,0.5376758863429345,0.588596164994708,0.6027013831897112,0.5938513509499214,0.5883047427892383,0.5911537782979748,0.5911844543196033,0.554940734765662,0.3952030211412349,0.09990029893555133,0.0,0,0,0,0,0,0
Summer Peak,0,0,0,0,0.0,0.13929022795775414,0.3758847965207572,0.4371678187288707,0.5860481379482,0.6052283204713499,0.6487345881458122,0.6467463984940223,0.5810191876524959,0.5654645274355511,0.5439452982632365,0.41857239786801187,0.32793434021288215,0.06631197250381747,0,0,0,0,0,0
Winter Peak,0,0,0,0,0.0,0.0,0.00245599898162287,0.368165942578514,0.43950686537803535,0.47178570913650736,0.5151750244785115,0.45225466961598265,0.568973097409298,0.5385654909701578,0.45950571422839304,0.25904941639498363,0.0,0.0,0,0,0,0,0,0
