Unit: dimensionless (ratio of electricity demand in this hour to annual demand),Hour0,Hour1,Hour2,Hour3,Hour4,Hour5,Hour6,Hour7,Hour8,Hour9,Hour10,Hour11,Hour12,Hour13,Hour14,Hour15,Hour16,Hour17,Hour18,Hour19,Hour20,Hour21,Hour22,Hour23
Winter,0.0037931127881414947,0.0037931127881414947,0.0037931127881414947,0.0037931127881414947,0.0075862255762829895,0.015172451152565979,0.015172451152565979,0.0075862255762829895,0.0075862255762829895,0.0075862255762829895,0.0075862255762829895,0.0075862255762829895,0.0075862255762829895,0.0075862255762829895,0.0075862255762829895,0.0075862255762829895,0.022758676728848966,0.05310357903398093,0.04931046624583943,0.015172451152565979,0.0037931127881414947,0.0037931127881414947,0.0037931127881414947,0.0037931127881414947
Spring,0.0,0.0,0.0,0.0,0.0,0.0,0.0,0.0,0.0,0.0,0.0,0.0,0.0,0.0,0.0,0.0,0.004947538419314993,0.01979015367725997,0.01979015367725997,0.0,0.0,0.0,0.0,0.0
Summer,0.08622852673663274,0.08622852673663274,0.08622852673663274,0.08622852673663274,0.08622852673663274,0.08622852673663274,0.08622852673663274,0.08622852673663274,0.08622852673663274,0.08622852673663274,0.13970906107875194,0.20802043082543678,0.26689221139749203,0.3219944388881645,0.354271237147505,0.4089729496232806,0.4942905010319125,0.5261510778051838,0.4968702889219838,0.32967490329148197,0.20134125395936153,0.08622852673663274,0.08622852673663274,0.08622852673663274
Fall,0.0,0.0,0.0,0.0,0.0,0.0,0.0,0.0,0.0,0.0,0.0,0.0,0.0,0.0,0.014923722445146864,0.02984744489029373,0.02984744489029373,0.02984744489029373,0.022385583667720296,0.007461861222573432,0.0,0.0,0.0,0.0
Summer Peak,0.0,0.0,0.0,0.0,0.0,0.0,0.0,0.0,0.0,0.0,0.0,0.0,0.33054268582375884,0.7853549715637723,0.7853549715637723,0.7853549715637723,0.95,0.95,0.95,0.7853549715637723,0.33054268582375884,0.33054268582375884,0.33054268582375884,0.33054268582375884
Winter Peak,0.0,0.0,0.0,0.0,0.0,0.0,0.0,0.0,0.0,0.0,0.0,0.0,0.0,0.0,0.0,0.0,0.0,0.0,0.0,0.0,0.0,0.0,0.0,0.0
